{"scalar": [9.614848605243017, 13.582683627509656], "la": [[14.665765600984914, 28.113021103709794], [13.437472264252628, 27.280120391298166]], "lc": [1555, 1529], "lx": [[1410, 1233], [1757, 1965]]}