{"scalar": [8.923344792188606, 12.667038470290379], "sx": [8.873755693055418, 12.623710442409203], "sy": [8.972933891321794, 12.710366498171556], "la": [[14.710437438465233, 29.421885160543592], [14.846175385751902, 29.550117994239237]], "lc": [1536, 1508], "lx": [[1401, 1218], [1745, 1955]]}