{"scalar": [7.218290122216218, 9.408558174428691], "sx": [7.1978736466277375, 9.35941154284555], "sy": [7.238706597804699, 9.457704806011831], "la": [[13.518009033140325, 29.673391115628416], [15.007246241008197, 30.064754101580945]], "lc": [1522, 1521], "lx": [[1422, 1284], [1679, 1860]]}