{"scalar": [8.951038423016596, 12.627535380630404], "sx": [8.91789267765414, 12.548398489177314], "sy": [8.984184168379054, 12.706672272083493], "la": [[15.495358749132587, 30.34872476353801], [15.63682086286571, 31.411840339052016]], "lc": [1584, 1585], "lx": [[1441, 1283], [1804, 2065]]}